{
  "metrics": {
    "gr4j": {
      "Bias": 303.5682370526018,
      "NSE": -393.69574919700204,
      "RMSE": 406.70814905405103
    },
    "lstm": {
      "Bias": 171.96221331787112,
      "NSE": -84.21762399567052,
      "RMSE": 188.98022438502485
    },
    "rf": {
      "Bias": 80.46300905848311,
      "NSE": -16.813707297403305,
      "RMSE": 86.40299678250075
    },
    "xinanjiang": {
      "Bias": 92.72470157028175,
      "NSE": -24.89779471500906,
      "RMSE": 104.17968542157021
    }
  }
}