{
  "metrics": {
    "gr4j": {
      "Bias": -18.058308422306606,
      "NSE": 0.37689021611967166,
      "RMSE": 181.78319067238667
    },
    "lstm": {
      "Bias": 67.4775500243222,
      "NSE": -0.08454316745719637,
      "RMSE": 239.8252235837399
    },
    "rf": {
      "Bias": 15.516354349900553,
      "NSE": 0.20766331540098149,
      "RMSE": 204.98699956790946
    },
    "xinanjiang": {
      "Bias": -79.31888109340213,
      "NSE": 0.33963413776348617,
      "RMSE": 187.1387584173485
    }
  }
}