{
  "exceed_prob_flood": [
    0.0,
    0.0,
    0.0,
    0.0
  ],
  "exceed_prob_severe": [
    0.0,
    0.0,
    0.0,
    0.0
  ],
  "iqr": 0.0,
  "quantiles": {
    "P10": [
      101.11500000000001,
      97.195,
      95.595,
      96.89500000000001
    ],
    "P25": [
      101.11500000000001,
      97.195,
      95.595,
      96.89500000000001
    ],
    "P50": [
      101.11500000000001,
      97.195,
      95.595,
      96.89500000000001
    ],
    "P75": [
      101.11500000000001,
      97.195,
      95.595,
      96.89500000000001
    ],
    "P90": [
      101.11500000000001,
      97.195,
      95.595,
      96.89500000000001
    ]
  },
  "thresholds": {
    "flood": 300.0,
    "severe": 500.0
  }
}