{
  "consistency": {
    "consistency_ratio": 0.75,
    "ensemble_mean": [
      154.02040761036972,
      148.76277154687722,
      141.30287943547376,
      162.5588796036161,
      226.15764094264077,
      230.00708976347985,
      234.3150757087733,
      239.41028643630398,
      246.20847438097599,
      260.6388974743594,
      270.7952619355633,
      283.1200722328537,
      298.75061007004064,
      315.22062241944207,
      330.48434199442556,
      344.2461629305882,
      356.54530255369997,
      367.8507063028617,
      379.2313079012343,
      389.75981328584226,
      397.78931903564717,
      401.2459967752143,
      400.7729229446553,
      397.75612271048794
    ],
    "trend_correlations": {
      "model_0": -0.8840579710144928,
      "model_1": 0.8985507246376812,
      "model_2": 0.46752580851099534,
      "model_3": 0.5434782608695652
    }
  },
  "ensemble": {
    "ensemble_forecast": [
      154.02040761036972,
      148.76277154687722,
      141.30287943547376,
      162.5588796036161,
      226.15764094264077,
      230.00708976347985,
      234.3150757087733,
      239.41028643630398,
      246.20847438097599,
      260.6388974743594,
      270.7952619355633,
      283.1200722328537,
      298.75061007004064,
      315.22062241944207,
      330.48434199442556,
      344.2461629305882,
      356.54530255369997,
      367.8507063028617,
      379.2313079012343,
      389.75981328584226,
      397.78931903564717,
      401.2459967752143,
      400.7729229446553,
      397.75612271048794
    ],
    "n_models": 4,
    "weights_used": [
      0.25,
      0.25,
      0.25,
      0.25
    ]
  },
  "screening": {
    "model_metrics": {},
    "passed_models": [
      0,
      1,
      2,
      3
    ],
    "rejected_models": [],
    "rejection_reasons": {}
  },
  "selected_model_names": [
    "forecast_xinanjiang",
    "forecast_gr4j",
    "forecast_rf",
    "forecast_lstm"
  ]
}