{
  "metrics": {
    "gr4j": {
      "Bias": -18.060381058826344,
      "NSE": 0.37689627476093324,
      "RMSE": 181.7822761382846
    },
    "lstm": {
      "Bias": 67.47563645981353,
      "NSE": -0.0845353398983193,
      "RMSE": 239.82431753031435
    },
    "rf": {
      "Bias": 15.513358952278095,
      "NSE": 0.20768425609711394,
      "RMSE": 204.9842560459944
    },
    "xinanjiang": {
      "Bias": -79.32272734060282,
      "NSE": 0.33965964821936356,
      "RMSE": 187.13511204530172
    }
  }
}