{
  "b": 0.9760534590802558,
  "dm": 95.181,
  "im": 0.26770954374774586,
  "lm": 160.7486667,
  "um": 1.0
}