{
  "model_type": "linear_regression_smoke",
  "n_rows": 146733,
  "rmse": 218.23549279167452,
  "weights": [
    151.89098919850565,
    77.05886527961263,
    542.2804608935807
  ]
}