{
  "metrics": {
    "gr4j": {
      "Bias": 23.756523790649794,
      "NSE": -78.62590286271039,
      "RMSE": 25.37360166113031
    },
    "lstm": {
      "Bias": -50.0524920483442,
      "NSE": -338.0121128858933,
      "RMSE": 52.355527623596345
    },
    "rf": {
      "Bias": 3.931669804539221e-13,
      "NSE": 0.994142294631126,
      "RMSE": 0.2176299661997545
    },
    "xinanjiang": {
      "Bias": 155.01800223972154,
      "NSE": -3012.2503277824426,
      "RMSE": 156.0890865117767
    }
  }
}