{
  "metrics": {
    "gr4j": {
      "Bias": 23.756523790649794,
      "NSE": -78.62590286271039,
      "RMSE": 25.37360166113031
    },
    "lstm": {
      "Bias": 79.1652099609375,
      "NSE": -2324.5427269817033,
      "RMSE": 137.12514326639268
    },
    "rf": {
      "Bias": 52.86670994366278,
      "NSE": -690.8829512822969,
      "RMSE": 74.79477281558349
    },
    "xinanjiang": {
      "Bias": 155.01800223972154,
      "NSE": -3012.2503277824426,
      "RMSE": 156.0890865117767
    }
  }
}